dataset,variant,dataset type,BAcc (test),BAcc (test) (std),BAcc (train),BAcc (train) (std),Acc (test),Acc (test) (std),Acc (train),Acc (train) (std),rules,rules (std),conditions_count,conditions_count (std),avg conditions per rule,avg conditions per rule (std),avg rule quality,avg rule quality (std),avg rule precision,avg rule precision (std),avg rule coverage,avg rule coverage (std),training time total (s),training time total (s) (std),training time growing (s),training time growing (s) (std),training time pruning (s),training time pruning (s) (std),induction measure,pruning measure,voting measure
titanic,complex_conditions,original,0.7051389151463592,0.033717467122898574,0.701586343424079,0.012034747000473354,0.7605800082270671,0.024317434470705473,0.7576354917167638,0.004525859948278796,25.0,2.3570226039551585,25.0,2.3570226039551585,1.620756302521008,0.054723994127550024,0.30673572589513226,0.010480063811849917,0.7111728228702853,0.014427702344318309,0.4305215332733372,0.020882157972939734,0.5624476632000001,0.07151086371174321,0.767210464,0.08601135249686967,0.24848495240000004,0.012193526203983703,C2,C2,C2
